TARGET_CLASS,criterion,Coverage,Total_Goals,Covered_Goals
org.apache.commons.codec.CharEncoding,LINE;BRANCH;EXCEPTION;WEAKMUTATION;OUTPUT;METHOD;METHODNOEXCEPTION;CBRANCH,1.0,6,6
org.apache.commons.codec.Charsets,LINE;BRANCH;EXCEPTION;WEAKMUTATION;OUTPUT;METHOD;METHODNOEXCEPTION;CBRANCH,0.925,46,40
org.apache.commons.codec.DecoderException,LINE;BRANCH;EXCEPTION;WEAKMUTATION;OUTPUT;METHOD;METHODNOEXCEPTION;CBRANCH,1.0,32,32
org.apache.commons.codec.EncoderException,LINE;BRANCH;EXCEPTION;WEAKMUTATION;OUTPUT;METHOD;METHODNOEXCEPTION;CBRANCH,1.0,24,24
org.apache.commons.codec.Resources,LINE;BRANCH;EXCEPTION;WEAKMUTATION;OUTPUT;METHOD;METHODNOEXCEPTION;CBRANCH,0.9375,22,22
org.apache.commons.codec.StringEncoderComparator,LINE;BRANCH;EXCEPTION;WEAKMUTATION;OUTPUT;METHOD;METHODNOEXCEPTION;CBRANCH,1.0,41,41
org.apache.commons.codec.binary.Base16,LINE;BRANCH;EXCEPTION;WEAKMUTATION;OUTPUT;METHOD;METHODNOEXCEPTION;CBRANCH,0.9598979927112288,1024,1006
org.apache.commons.codec.binary.Base16InputStream,LINE;BRANCH;EXCEPTION;WEAKMUTATION;OUTPUT;METHOD;METHODNOEXCEPTION;CBRANCH,0.9375,49,46
org.apache.commons.codec.binary.Base16OutputStream,LINE;BRANCH;EXCEPTION;WEAKMUTATION;OUTPUT;METHOD;METHODNOEXCEPTION;CBRANCH,0.9375,50,47
org.apache.commons.codec.binary.Base32InputStream,LINE;BRANCH;EXCEPTION;WEAKMUTATION;OUTPUT;METHOD;METHODNOEXCEPTION;CBRANCH,0.9375,53,52
org.apache.commons.codec.binary.Base32OutputStream,LINE;BRANCH;EXCEPTION;WEAKMUTATION;OUTPUT;METHOD;METHODNOEXCEPTION;CBRANCH,0.9375,54,53
org.apache.commons.codec.binary.Base58InputStream,LINE;BRANCH;EXCEPTION;WEAKMUTATION;OUTPUT;METHOD;METHODNOEXCEPTION;CBRANCH,0.9375,31,30
org.apache.commons.codec.binary.Base58OutputStream,LINE;BRANCH;EXCEPTION;WEAKMUTATION;OUTPUT;METHOD;METHODNOEXCEPTION;CBRANCH,0.9375,32,31
org.apache.commons.codec.binary.Base64,LINE;BRANCH;EXCEPTION;WEAKMUTATION;OUTPUT;METHOD;METHODNOEXCEPTION;CBRANCH,0.9437614815573927,1633,1461
org.apache.commons.codec.binary.Base64InputStream,LINE;BRANCH;EXCEPTION;WEAKMUTATION;OUTPUT;METHOD;METHODNOEXCEPTION;CBRANCH,0.9375,53,52
org.apache.commons.codec.binary.Base64OutputStream,LINE;BRANCH;EXCEPTION;WEAKMUTATION;OUTPUT;METHOD;METHODNOEXCEPTION;CBRANCH,0.9375,54,53
org.apache.commons.codec.binary.BaseNCodecInputStream,LINE;BRANCH;EXCEPTION;WEAKMUTATION;OUTPUT;METHOD;METHODNOEXCEPTION;CBRANCH,0.0,424,0
org.apache.commons.codec.binary.BaseNCodecOutputStream,LINE;BRANCH;EXCEPTION;WEAKMUTATION;OUTPUT;METHOD;METHODNOEXCEPTION;CBRANCH,0.0,232,0
org.apache.commons.codec.binary.BinaryCodec,LINE;BRANCH;EXCEPTION;WEAKMUTATION;OUTPUT;METHOD;METHODNOEXCEPTION;CBRANCH,0.9534072249589491,629,603
org.apache.commons.codec.binary.CharSequenceUtils,LINE;BRANCH;EXCEPTION;WEAKMUTATION;OUTPUT;METHOD;METHODNOEXCEPTION;CBRANCH,0.9803091397849463,183,178
org.apache.commons.codec.binary.Hex,LINE;BRANCH;EXCEPTION;WEAKMUTATION;OUTPUT;METHOD;METHODNOEXCEPTION;CBRANCH,0.9237885366455441,732,688
org.apache.commons.codec.binary.StringUtils,LINE;BRANCH;EXCEPTION;WEAKMUTATION;OUTPUT;METHOD;METHODNOEXCEPTION;CBRANCH,0.9457956259426847,261,233
org.apache.commons.codec.cli.Digest,LINE;BRANCH;EXCEPTION;WEAKMUTATION;OUTPUT;METHOD;METHODNOEXCEPTION;CBRANCH,0.6807748538011696,203,172
org.apache.commons.codec.digest.Blake3,LINE;BRANCH;EXCEPTION;WEAKMUTATION;OUTPUT;METHOD;METHODNOEXCEPTION;CBRANCH,0.9308677685950413,1071,1035
org.apache.commons.codec.digest.Crc16,LINE;BRANCH;EXCEPTION;WEAKMUTATION;OUTPUT;METHOD;METHODNOEXCEPTION;CBRANCH,0.9154411764705882,398,353
org.apache.commons.codec.digest.Crypt,LINE;BRANCH;EXCEPTION;WEAKMUTATION;OUTPUT;METHOD;METHODNOEXCEPTION;CBRANCH,0.8958333333333334,88,77
org.apache.commons.codec.digest.DigestUtils,LINE;BRANCH;EXCEPTION;WEAKMUTATION;OUTPUT;METHOD;METHODNOEXCEPTION;CBRANCH,0.735027913901833,1284,802
org.apache.commons.codec.digest.GitIdentifiers,LINE;BRANCH;EXCEPTION;WEAKMUTATION;OUTPUT;METHOD;METHODNOEXCEPTION;CBRANCH,0.34572933715220955,363,87
org.apache.commons.codec.digest.HmacUtils,LINE;BRANCH;EXCEPTION;WEAKMUTATION;OUTPUT;METHOD;METHODNOEXCEPTION;CBRANCH,0.8459122290532564,690,549
org.apache.commons.codec.digest.Md5Crypt,LINE;BRANCH;EXCEPTION;WEAKMUTATION;OUTPUT;METHOD;METHODNOEXCEPTION;CBRANCH,0.9093022117831279,350,328
org.apache.commons.codec.digest.MessageDigestAlgorithms,LINE;BRANCH;EXCEPTION;WEAKMUTATION;OUTPUT;METHOD;METHODNOEXCEPTION;CBRANCH,0.8333333333333333,96,92
org.apache.commons.codec.digest.MurmurHash2,LINE;BRANCH;EXCEPTION;WEAKMUTATION;OUTPUT;METHOD;METHODNOEXCEPTION;CBRANCH,0.9693287037037037,735,730
org.apache.commons.codec.digest.MurmurHash3,LINE;BRANCH;EXCEPTION;WEAKMUTATION;OUTPUT;METHOD;METHODNOEXCEPTION;CBRANCH,0.9193976861554851,1126,1032
org.apache.commons.codec.digest.PureJavaCrc32,LINE;BRANCH;EXCEPTION;WEAKMUTATION;OUTPUT;METHOD;METHODNOEXCEPTION;CBRANCH,0.9580284552845528,497,496
org.apache.commons.codec.digest.PureJavaCrc32C,LINE;BRANCH;EXCEPTION;WEAKMUTATION;OUTPUT;METHOD;METHODNOEXCEPTION;CBRANCH,0.9568273092369478,425,421
org.apache.commons.codec.digest.Sha2Crypt,LINE;BRANCH;EXCEPTION;WEAKMUTATION;OUTPUT;METHOD;METHODNOEXCEPTION;CBRANCH,0.8260422955198216,408,349
org.apache.commons.codec.digest.UnixCrypt,LINE;BRANCH;EXCEPTION;WEAKMUTATION;OUTPUT;METHOD;METHODNOEXCEPTION;CBRANCH,0.9138104838709677,979,954
org.apache.commons.codec.digest.XXHash32,LINE;BRANCH;EXCEPTION;WEAKMUTATION;OUTPUT;METHOD;METHODNOEXCEPTION;CBRANCH,0.9153577661431065,906,896
org.apache.commons.codec.language.Caverphone,LINE;BRANCH;EXCEPTION;WEAKMUTATION;OUTPUT;METHOD;METHODNOEXCEPTION;CBRANCH,0.9375,46,41
org.apache.commons.codec.language.Caverphone1,LINE;BRANCH;EXCEPTION;WEAKMUTATION;OUTPUT;METHOD;METHODNOEXCEPTION;CBRANCH,0.9064625850340136,128,122
org.apache.commons.codec.language.Caverphone2,LINE;BRANCH;EXCEPTION;WEAKMUTATION;OUTPUT;METHOD;METHODNOEXCEPTION;CBRANCH,0.9109848484848485,122,118
org.apache.commons.codec.language.ColognePhonetic,LINE;BRANCH;EXCEPTION;WEAKMUTATION;OUTPUT;METHOD;METHODNOEXCEPTION;CBRANCH,0.7679125138427463,730,619
org.apache.commons.codec.language.DaitchMokotoffSoundex,LINE;BRANCH;EXCEPTION;WEAKMUTATION;OUTPUT;METHOD;METHODNOEXCEPTION;CBRANCH,0.6503966037891951,742,463
org.apache.commons.codec.language.DoubleMetaphone,LINE;BRANCH;EXCEPTION;WEAKMUTATION;OUTPUT;METHOD;METHODNOEXCEPTION;CBRANCH,0.8515575513485801,2159,1560
org.apache.commons.codec.language.MatchRatingApproachEncoder,LINE;BRANCH;EXCEPTION;WEAKMUTATION;OUTPUT;METHOD;METHODNOEXCEPTION;CBRANCH,0.9378029175325021,859,817
org.apache.commons.codec.language.Metaphone,LINE;BRANCH;EXCEPTION;WEAKMUTATION;OUTPUT;METHOD;METHODNOEXCEPTION;CBRANCH,0.932776824852147,763,703
org.apache.commons.codec.language.Nysiis,LINE;BRANCH;EXCEPTION;WEAKMUTATION;OUTPUT;METHOD;METHODNOEXCEPTION;CBRANCH,0.9811700426439233,530,523
org.apache.commons.codec.language.Soundex,LINE;BRANCH;EXCEPTION;WEAKMUTATION;OUTPUT;METHOD;METHODNOEXCEPTION;CBRANCH,0.9724044850498338,394,386
org.apache.commons.codec.language.bm.BeiderMorseEncoder,LINE;BRANCH;EXCEPTION;WEAKMUTATION;OUTPUT;METHOD;METHODNOEXCEPTION;CBRANCH,0.9886363636363636,99,98
org.apache.commons.codec.language.bm.Lang,LINE;BRANCH;EXCEPTION;WEAKMUTATION;OUTPUT;METHOD;METHODNOEXCEPTION;CBRANCH,0.6163690476190475,184,104
org.apache.commons.codec.language.bm.Languages,LINE;BRANCH;EXCEPTION;WEAKMUTATION;OUTPUT;METHOD;METHODNOEXCEPTION;CBRANCH,0.7682886222934112,297,224
org.apache.commons.codec.language.bm.PhoneticEngine,LINE;BRANCH;EXCEPTION;WEAKMUTATION;OUTPUT;METHOD;METHODNOEXCEPTION;CBRANCH,0.8734087766594054,445,406
org.apache.commons.codec.language.bm.Rule,LINE;BRANCH;EXCEPTION;WEAKMUTATION;OUTPUT;METHOD;METHODNOEXCEPTION;CBRANCH,0.7092747644445465,1147,691
org.apache.commons.codec.net.BCodec,LINE;BRANCH;EXCEPTION;WEAKMUTATION;OUTPUT;METHOD;METHODNOEXCEPTION;CBRANCH,0.9485996089256958,179,168
org.apache.commons.codec.net.PercentCodec,LINE;BRANCH;EXCEPTION;WEAKMUTATION;OUTPUT;METHOD;METHODNOEXCEPTION;CBRANCH,0.9623625016288059,641,625
org.apache.commons.codec.net.QCodec,LINE;BRANCH;EXCEPTION;WEAKMUTATION;OUTPUT;METHOD;METHODNOEXCEPTION;CBRANCH,0.9462565610890971,316,300
org.apache.commons.codec.net.QuotedPrintableCodec,LINE;BRANCH;EXCEPTION;WEAKMUTATION;OUTPUT;METHOD;METHODNOEXCEPTION;CBRANCH,0.9149921870861805,744,657
org.apache.commons.codec.net.URLCodec,LINE;BRANCH;EXCEPTION;WEAKMUTATION;OUTPUT;METHOD;METHODNOEXCEPTION;CBRANCH,0.9848610582413398,464,455
